"GEO_ID","NAME","NAICS2017","NAICS2017_LABEL","YEAR","EMPSZES","EMPSZES_LABEL","ESTAB","PAYANN","PAYANN_N","PAYQTR1","PAYQTR1_N","EMP","EMP_N",
"Geographic identifier code","Geographic Area Name","2017 NAICS code","Meaning of NAICS Code","Year","Employment size of establishments","Meaning of Employment size of establishments","Number of establishments","Annual payroll ($1,000)","Noise range for annual payroll","First-quarter payroll ($1,000)","Noise range for first-quarter payroll (%)","Number of employees","Noise range for number of paid employees for pay period including March 12",
"8610000US90043","ZIP 90043 (Los Angeles, CA)","00","Total for all sectors","2017","001","All establishments","385","111711","H","26059","H","3222","H",
"8610000US90043","ZIP 90043 (Los Angeles, CA)","00","Total for all sectors","2017","210","Establishments with less than 5 employees","243","N","N","N","N","N","N",
"8610000US90043","ZIP 90043 (Los Angeles, CA)","00","Total for all sectors","2017","220","Establishments with 5 to 9 employees","67","N","N","N","N","N","N",
"8610000US90043","ZIP 90043 (Los Angeles, CA)","00","Total for all sectors","2017","230","Establishments with 10 to 19 employees","35","N","N","N","N","N","N",
"8610000US90043","ZIP 90043 (Los Angeles, CA)","00","Total for all sectors","2017","241","Establishments with 20 to 49 employees","31","N","N","N","N","N","N",
"8610000US90043","ZIP 90043 (Los Angeles, CA)","00","Total for all sectors","2017","242","Establishments with 50 to 99 employees","5","N","N","N","N","N","N",
"8610000US90043","ZIP 90043 (Los Angeles, CA)","00","Total for all sectors","2017","251","Establishments with 100 to 249 employees","3","N","N","N","N","N","N",
"8610000US90043","ZIP 90043 (Los Angeles, CA)","23","Construction","2017","001","All establishments","29","N","N","N","N","N","N",
"8610000US90043","ZIP 90043 (Los Angeles, CA)","23","Construction","2017","210","Establishments with less than 5 employees","20","N","N","N","N","N","N",
"8610000US90043","ZIP 90043 (Los Angeles, CA)","23","Construction","2017","220","Establishments with 5 to 9 employees","4","N","N","N","N","N","N",
"8610000US90043","ZIP 90043 (Los Angeles, CA)","23","Construction","2017","241","Establishments with 20 to 49 employees","3","N","N","N","N","N","N",
"8610000US90043","ZIP 90043 (Los Angeles, CA)","31-33","Manufacturing","2017","001","All establishments","6","N","N","N","N","N","N",
"8610000US90043","ZIP 90043 (Los Angeles, CA)","31-33","Manufacturing","2017","210","Establishments with less than 5 employees","4","N","N","N","N","N","N",
"8610000US90043","ZIP 90043 (Los Angeles, CA)","42","Wholesale trade","2017","001","All establishments","5","N","N","N","N","N","N",
"8610000US90043","ZIP 90043 (Los Angeles, CA)","44-45","Retail trade","2017","001","All establishments","47","N","N","N","N","N","N",
"8610000US90043","ZIP 90043 (Los Angeles, CA)","44-45","Retail trade","2017","210","Establishments with less than 5 employees","26","N","N","N","N","N","N",
"8610000US90043","ZIP 90043 (Los Angeles, CA)","44-45","Retail trade","2017","220","Establishments with 5 to 9 employees","13","N","N","N","N","N","N",
"8610000US90043","ZIP 90043 (Los Angeles, CA)","44-45","Retail trade","2017","230","Establishments with 10 to 19 employees","4","N","N","N","N","N","N",
"8610000US90043","ZIP 90043 (Los Angeles, CA)","44-45","Retail trade","2017","241","Establishments with 20 to 49 employees","3","N","N","N","N","N","N",
"8610000US90043","ZIP 90043 (Los Angeles, CA)","48-49","Transportation and warehousing","2017","001","All establishments","10","N","N","N","N","N","N",
"8610000US90043","ZIP 90043 (Los Angeles, CA)","48-49","Transportation and warehousing","2017","210","Establishments with less than 5 employees","8","N","N","N","N","N","N",
"8610000US90043","ZIP 90043 (Los Angeles, CA)","51","Information","2017","001","All establishments","14","N","N","N","N","N","N",
"8610000US90043","ZIP 90043 (Los Angeles, CA)","51","Information","2017","210","Establishments with less than 5 employees","12","N","N","N","N","N","N",
"8610000US90043","ZIP 90043 (Los Angeles, CA)","52","Finance and insurance","2017","001","All establishments","16","N","N","N","N","N","N",
"8610000US90043","ZIP 90043 (Los Angeles, CA)","52","Finance and insurance","2017","210","Establishments with less than 5 employees","7","N","N","N","N","N","N",
"8610000US90043","ZIP 90043 (Los Angeles, CA)","52","Finance and insurance","2017","220","Establishments with 5 to 9 employees","7","N","N","N","N","N","N",
"8610000US90043","ZIP 90043 (Los Angeles, CA)","53","Real estate and rental and leasing","2017","001","All establishments","18","N","N","N","N","N","N",
"8610000US90043","ZIP 90043 (Los Angeles, CA)","53","Real estate and rental and leasing","2017","210","Establishments with less than 5 employees","17","N","N","N","N","N","N",
"8610000US90043","ZIP 90043 (Los Angeles, CA)","54","Professional, scientific, and technical services","2017","001","All establishments","27","N","N","N","N","N","N",
"8610000US90043","ZIP 90043 (Los Angeles, CA)","54","Professional, scientific, and technical services","2017","210","Establishments with less than 5 employees","23","N","N","N","N","N","N",
"8610000US90043","ZIP 90043 (Los Angeles, CA)","54","Professional, scientific, and technical services","2017","220","Establishments with 5 to 9 employees","3","N","N","N","N","N","N",
"8610000US90043","ZIP 90043 (Los Angeles, CA)","56","Administrative and support and waste management and remediation services","2017","001","All establishments","15","N","N","N","N","N","N",
"8610000US90043","ZIP 90043 (Los Angeles, CA)","56","Administrative and support and waste management and remediation services","2017","210","Establishments with less than 5 employees","12","N","N","N","N","N","N",
"8610000US90043","ZIP 90043 (Los Angeles, CA)","61","Educational services","2017","001","All establishments","17","N","N","N","N","N","N",
"8610000US90043","ZIP 90043 (Los Angeles, CA)","61","Educational services","2017","210","Establishments with less than 5 employees","8","N","N","N","N","N","N",
"8610000US90043","ZIP 90043 (Los Angeles, CA)","61","Educational services","2017","220","Establishments with 5 to 9 employees","4","N","N","N","N","N","N",
"8610000US90043","ZIP 90043 (Los Angeles, CA)","62","Health care and social assistance","2017","001","All establishments","72","N","N","N","N","N","N",
"8610000US90043","ZIP 90043 (Los Angeles, CA)","62","Health care and social assistance","2017","210","Establishments with less than 5 employees","42","N","N","N","N","N","N",
"8610000US90043","ZIP 90043 (Los Angeles, CA)","62","Health care and social assistance","2017","220","Establishments with 5 to 9 employees","9","N","N","N","N","N","N",
"8610000US90043","ZIP 90043 (Los Angeles, CA)","62","Health care and social assistance","2017","230","Establishments with 10 to 19 employees","11","N","N","N","N","N","N",
"8610000US90043","ZIP 90043 (Los Angeles, CA)","62","Health care and social assistance","2017","241","Establishments with 20 to 49 employees","8","N","N","N","N","N","N",
"8610000US90043","ZIP 90043 (Los Angeles, CA)","71","Arts, entertainment, and recreation","2017","001","All establishments","13","N","N","N","N","N","N",
"8610000US90043","ZIP 90043 (Los Angeles, CA)","71","Arts, entertainment, and recreation","2017","210","Establishments with less than 5 employees","13","N","N","N","N","N","N",
"8610000US90043","ZIP 90043 (Los Angeles, CA)","72","Accommodation and food services","2017","001","All establishments","37","N","N","N","N","N","N",
"8610000US90043","ZIP 90043 (Los Angeles, CA)","72","Accommodation and food services","2017","210","Establishments with less than 5 employees","11","N","N","N","N","N","N",
"8610000US90043","ZIP 90043 (Los Angeles, CA)","72","Accommodation and food services","2017","220","Establishments with 5 to 9 employees","9","N","N","N","N","N","N",
"8610000US90043","ZIP 90043 (Los Angeles, CA)","72","Accommodation and food services","2017","230","Establishments with 10 to 19 employees","7","N","N","N","N","N","N",
"8610000US90043","ZIP 90043 (Los Angeles, CA)","72","Accommodation and food services","2017","241","Establishments with 20 to 49 employees","9","N","N","N","N","N","N",
"8610000US90043","ZIP 90043 (Los Angeles, CA)","81","Other services (except public administration)","2017","001","All establishments","57","N","N","N","N","N","N",
"8610000US90043","ZIP 90043 (Los Angeles, CA)","81","Other services (except public administration)","2017","210","Establishments with less than 5 employees","37","N","N","N","N","N","N",
"8610000US90043","ZIP 90043 (Los Angeles, CA)","81","Other services (except public administration)","2017","220","Establishments with 5 to 9 employees","11","N","N","N","N","N","N",
"8610000US90043","ZIP 90043 (Los Angeles, CA)","81","Other services (except public administration)","2017","230","Establishments with 10 to 19 employees","3","N","N","N","N","N","N",
"8610000US90043","ZIP 90043 (Los Angeles, CA)","81","Other services (except public administration)","2017","241","Establishments with 20 to 49 employees","4","N","N","N","N","N","N",
"8610000US90045","ZIP 90045 (Los Angeles, CA)","00","Total for all sectors","2017","001","All establishments","2118","4271358","H","1099623","H","78298","G",
"8610000US90045","ZIP 90045 (Los Angeles, CA)","00","Total for all sectors","2017","210","Establishments with less than 5 employees","1054","N","N","N","N","N","N",
"8610000US90045","ZIP 90045 (Los Angeles, CA)","00","Total for all sectors","2017","220","Establishments with 5 to 9 employees","316","N","N","N","N","N","N",
"8610000US90045","ZIP 90045 (Los Angeles, CA)","00","Total for all sectors","2017","230","Establishments with 10 to 19 employees","302","N","N","N","N","N","N",
"8610000US90045","ZIP 90045 (Los Angeles, CA)","00","Total for all sectors","2017","241","Establishments with 20 to 49 employees","227","N","N","N","N","N","N",
"8610000US90045","ZIP 90045 (Los Angeles, CA)","00","Total for all sectors","2017","242","Establishments with 50 to 99 employees","106","N","N","N","N","N","N",
"8610000US90045","ZIP 90045 (Los Angeles, CA)","00","Total for all sectors","2017","251","Establishments with 100 to 249 employees","59","N","N","N","N","N","N",
"8610000US90045","ZIP 90045 (Los Angeles, CA)","00","Total for all sectors","2017","252","Establishments with 250 to 499 employees","24","N","N","N","N","N","N",
"8610000US90045","ZIP 90045 (Los Angeles, CA)","00","Total for all sectors","2017","254","Establishments with 500 to 999 employees","22","N","N","N","N","N","N",
"8610000US90045","ZIP 90045 (Los Angeles, CA)","00","Total for all sectors","2017","260","Establishments with 1,000 employees or more","8","N","N","N","N","N","N",
"8610000US90045","ZIP 90045 (Los Angeles, CA)","23","Construction","2017","001","All establishments","68","N","N","N","N","N","N",
"8610000US90045","ZIP 90045 (Los Angeles, CA)","23","Construction","2017","210","Establishments with less than 5 employees","46","N","N","N","N","N","N",
"8610000US90045","ZIP 90045 (Los Angeles, CA)","23","Construction","2017","220","Establishments with 5 to 9 employees","9","N","N","N","N","N","N",
"8610000US90045","ZIP 90045 (Los Angeles, CA)","23","Construction","2017","230","Establishments with 10 to 19 employees","7","N","N","N","N","N","N",
"8610000US90045","ZIP 90045 (Los Angeles, CA)","23","Construction","2017","241","Establishments with 20 to 49 employees","4","N","N","N","N","N","N",
"8610000US90045","ZIP 90045 (Los Angeles, CA)","31-33","Manufacturing","2017","001","All establishments","24","N","N","N","N","N","N",
"8610000US90045","ZIP 90045 (Los Angeles, CA)","31-33","Manufacturing","2017","210","Establishments with less than 5 employees","10","N","N","N","N","N","N",
"8610000US90045","ZIP 90045 (Los Angeles, CA)","31-33","Manufacturing","2017","220","Establishments with 5 to 9 employees","5","N","N","N","N","N","N",
"8610000US90045","ZIP 90045 (Los Angeles, CA)","31-33","Manufacturing","2017","230","Establishments with 10 to 19 employees","5","N","N","N","N","N","N",
"8610000US90045","ZIP 90045 (Los Angeles, CA)","42","Wholesale trade","2017","001","All establishments","77","N","N","N","N","N","N",
"8610000US90045","ZIP 90045 (Los Angeles, CA)","42","Wholesale trade","2017","210","Establishments with less than 5 employees","33","N","N","N","N","N","N",
"8610000US90045","ZIP 90045 (Los Angeles, CA)","42","Wholesale trade","2017","220","Establishments with 5 to 9 employees","16","N","N","N","N","N","N",
"8610000US90045","ZIP 90045 (Los Angeles, CA)","42","Wholesale trade","2017","230","Establishments with 10 to 19 employees","12","N","N","N","N","N","N",
"8610000US90045","ZIP 90045 (Los Angeles, CA)","42","Wholesale trade","2017","241","Establishments with 20 to 49 employees","11","N","N","N","N","N","N",
"8610000US90045","ZIP 90045 (Los Angeles, CA)","42","Wholesale trade","2017","242","Establishments with 50 to 99 employees","4","N","N","N","N","N","N",
"8610000US90045","ZIP 90045 (Los Angeles, CA)","44-45","Retail trade","2017","001","All establishments","140","N","N","N","N","N","N",
"8610000US90045","ZIP 90045 (Los Angeles, CA)","44-45","Retail trade","2017","210","Establishments with less than 5 employees","54","N","N","N","N","N","N",
"8610000US90045","ZIP 90045 (Los Angeles, CA)","44-45","Retail trade","2017","220","Establishments with 5 to 9 employees","28","N","N","N","N","N","N",
"8610000US90045","ZIP 90045 (Los Angeles, CA)","44-45","Retail trade","2017","230","Establishments with 10 to 19 employees","23","N","N","N","N","N","N",
"8610000US90045","ZIP 90045 (Los Angeles, CA)","44-45","Retail trade","2017","241","Establishments with 20 to 49 employees","14","N","N","N","N","N","N",
"8610000US90045","ZIP 90045 (Los Angeles, CA)","44-45","Retail trade","2017","242","Establishments with 50 to 99 employees","15","N","N","N","N","N","N",
"8610000US90045","ZIP 90045 (Los Angeles, CA)","44-45","Retail trade","2017","251","Establishments with 100 to 249 employees","6","N","N","N","N","N","N",
"8610000US90045","ZIP 90045 (Los Angeles, CA)","48-49","Transportation and warehousing","2017","001","All establishments","291","N","N","N","N","N","N",
"8610000US90045","ZIP 90045 (Los Angeles, CA)","48-49","Transportation and warehousing","2017","210","Establishments with less than 5 employees","91","N","N","N","N","N","N",
"8610000US90045","ZIP 90045 (Los Angeles, CA)","48-49","Transportation and warehousing","2017","220","Establishments with 5 to 9 employees","47","N","N","N","N","N","N",
"8610000US90045","ZIP 90045 (Los Angeles, CA)","48-49","Transportation and warehousing","2017","230","Establishments with 10 to 19 employees","51","N","N","N","N","N","N",
"8610000US90045","ZIP 90045 (Los Angeles, CA)","48-49","Transportation and warehousing","2017","241","Establishments with 20 to 49 employees","45","N","N","N","N","N","N",
"8610000US90045","ZIP 90045 (Los Angeles, CA)","48-49","Transportation and warehousing","2017","242","Establishments with 50 to 99 employees","20","N","N","N","N","N","N",
"8610000US90045","ZIP 90045 (Los Angeles, CA)","48-49","Transportation and warehousing","2017","251","Establishments with 100 to 249 employees","13","N","N","N","N","N","N",
"8610000US90045","ZIP 90045 (Los Angeles, CA)","48-49","Transportation and warehousing","2017","252","Establishments with 250 to 499 employees","9","N","N","N","N","N","N",
"8610000US90045","ZIP 90045 (Los Angeles, CA)","48-49","Transportation and warehousing","2017","254","Establishments with 500 to 999 employees","8","N","N","N","N","N","N",
"8610000US90045","ZIP 90045 (Los Angeles, CA)","48-49","Transportation and warehousing","2017","260","Establishments with 1,000 employees or more","7","N","N","N","N","N","N",
"8610000US90045","ZIP 90045 (Los Angeles, CA)","51","Information","2017","001","All establishments","123","N","N","N","N","N","N",
"8610000US90045","ZIP 90045 (Los Angeles, CA)","51","Information","2017","210","Establishments with less than 5 employees","76","N","N","N","N","N","N",
"8610000US90045","ZIP 90045 (Los Angeles, CA)","51","Information","2017","220","Establishments with 5 to 9 employees","14","N","N","N","N","N","N",
"8610000US90045","ZIP 90045 (Los Angeles, CA)","51","Information","2017","230","Establishments with 10 to 19 employees","7","N","N","N","N","N","N",
"8610000US90045","ZIP 90045 (Los Angeles, CA)","51","Information","2017","241","Establishments with 20 to 49 employees","13","N","N","N","N","N","N",
"8610000US90045","ZIP 90045 (Los Angeles, CA)","51","Information","2017","242","Establishments with 50 to 99 employees","6","N","N","N","N","N","N",
"8610000US90045","ZIP 90045 (Los Angeles, CA)","51","Information","2017","251","Establishments with 100 to 249 employees","5","N","N","N","N","N","N",
"8610000US90045","ZIP 90045 (Los Angeles, CA)","52","Finance and insurance","2017","001","All establishments","86","N","N","N","N","N","N",
"8610000US90045","ZIP 90045 (Los Angeles, CA)","52","Finance and insurance","2017","210","Establishments with less than 5 employees","51","N","N","N","N","N","N",
"8610000US90045","ZIP 90045 (Los Angeles, CA)","52","Finance and insurance","2017","220","Establishments with 5 to 9 employees","11","N","N","N","N","N","N",
"8610000US90045","ZIP 90045 (Los Angeles, CA)","52","Finance and insurance","2017","230","Establishments with 10 to 19 employees","14","N","N","N","N","N","N",
"8610000US90045","ZIP 90045 (Los Angeles, CA)","52","Finance and insurance","2017","241","Establishments with 20 to 49 employees","6","N","N","N","N","N","N",
"8610000US90045","ZIP 90045 (Los Angeles, CA)","53","Real estate and rental and leasing","2017","001","All establishments","146","N","N","N","N","N","N",
"8610000US90045","ZIP 90045 (Los Angeles, CA)","53","Real estate and rental and leasing","2017","210","Establishments with less than 5 employees","95","N","N","N","N","N","N",
"8610000US90045","ZIP 90045 (Los Angeles, CA)","53","Real estate and rental and leasing","2017","220","Establishments with 5 to 9 employees","17","N","N","N","N","N","N",
"8610000US90045","ZIP 90045 (Los Angeles, CA)","53","Real estate and rental and leasing","2017","230","Establishments with 10 to 19 employees","14","N","N","N","N","N","N",
"8610000US90045","ZIP 90045 (Los Angeles, CA)","53","Real estate and rental and leasing","2017","241","Establishments with 20 to 49 employees","6","N","N","N","N","N","N",
"8610000US90045","ZIP 90045 (Los Angeles, CA)","53","Real estate and rental and leasing","2017","242","Establishments with 50 to 99 employees","7","N","N","N","N","N","N",
"8610000US90045","ZIP 90045 (Los Angeles, CA)","53","Real estate and rental and leasing","2017","251","Establishments with 100 to 249 employees","4","N","N","N","N","N","N",
"8610000US90045","ZIP 90045 (Los Angeles, CA)","54","Professional, scientific, and technical services","2017","001","All establishments","319","N","N","N","N","N","N",
"8610000US90045","ZIP 90045 (Los Angeles, CA)","54","Professional, scientific, and technical services","2017","210","Establishments with less than 5 employees","219","N","N","N","N","N","N",
"8610000US90045","ZIP 90045 (Los Angeles, CA)","54","Professional, scientific, and technical services","2017","220","Establishments with 5 to 9 employees","39","N","N","N","N","N","N",
"8610000US90045","ZIP 90045 (Los Angeles, CA)","54","Professional, scientific, and technical services","2017","230","Establishments with 10 to 19 employees","38","N","N","N","N","N","N",
"8610000US90045","ZIP 90045 (Los Angeles, CA)","54","Professional, scientific, and technical services","2017","241","Establishments with 20 to 49 employees","14","N","N","N","N","N","N",
"8610000US90045","ZIP 90045 (Los Angeles, CA)","54","Professional, scientific, and technical services","2017","242","Establishments with 50 to 99 employees","5","N","N","N","N","N","N",
"8610000US90045","ZIP 90045 (Los Angeles, CA)","54","Professional, scientific, and technical services","2017","251","Establishments with 100 to 249 employees","4","N","N","N","N","N","N",
"8610000US90045","ZIP 90045 (Los Angeles, CA)","55","Management of companies and enterprises","2017","001","All establishments","17","N","N","N","N","N","N",
"8610000US90045","ZIP 90045 (Los Angeles, CA)","55","Management of companies and enterprises","2017","210","Establishments with less than 5 employees","10","N","N","N","N","N","N",
"8610000US90045","ZIP 90045 (Los Angeles, CA)","56","Administrative and support and waste management and remediation services","2017","001","All establishments","133","N","N","N","N","N","N",
"8610000US90045","ZIP 90045 (Los Angeles, CA)","56","Administrative and support and waste management and remediation services","2017","210","Establishments with less than 5 employees","65","N","N","N","N","N","N",
"8610000US90045","ZIP 90045 (Los Angeles, CA)","56","Administrative and support and waste management and remediation services","2017","220","Establishments with 5 to 9 employees","17","N","N","N","N","N","N",
"8610000US90045","ZIP 90045 (Los Angeles, CA)","56","Administrative and support and waste management and remediation services","2017","230","Establishments with 10 to 19 employees","17","N","N","N","N","N","N",
"8610000US90045","ZIP 90045 (Los Angeles, CA)","56","Administrative and support and waste management and remediation services","2017","241","Establishments with 20 to 49 employees","17","N","N","N","N","N","N",
"8610000US90045","ZIP 90045 (Los Angeles, CA)","56","Administrative and support and waste management and remediation services","2017","242","Establishments with 50 to 99 employees","6","N","N","N","N","N","N",
"8610000US90045","ZIP 90045 (Los Angeles, CA)","56","Administrative and support and waste management and remediation services","2017","251","Establishments with 100 to 249 employees","7","N","N","N","N","N","N",
"8610000US90045","ZIP 90045 (Los Angeles, CA)","61","Educational services","2017","001","All establishments","35","N","N","N","N","N","N",
"8610000US90045","ZIP 90045 (Los Angeles, CA)","61","Educational services","2017","210","Establishments with less than 5 employees","14","N","N","N","N","N","N",
"8610000US90045","ZIP 90045 (Los Angeles, CA)","61","Educational services","2017","220","Establishments with 5 to 9 employees","5","N","N","N","N","N","N",
"8610000US90045","ZIP 90045 (Los Angeles, CA)","61","Educational services","2017","230","Establishments with 10 to 19 employees","4","N","N","N","N","N","N",
"8610000US90045","ZIP 90045 (Los Angeles, CA)","61","Educational services","2017","241","Establishments with 20 to 49 employees","4","N","N","N","N","N","N",
"8610000US90045","ZIP 90045 (Los Angeles, CA)","61","Educational services","2017","242","Establishments with 50 to 99 employees","3","N","N","N","N","N","N",
"8610000US90045","ZIP 90045 (Los Angeles, CA)","62","Health care and social assistance","2017","001","All establishments","214","N","N","N","N","N","N",
"8610000US90045","ZIP 90045 (Los Angeles, CA)","62","Health care and social assistance","2017","210","Establishments with less than 5 employees","113","N","N","N","N","N","N",
"8610000US90045","ZIP 90045 (Los Angeles, CA)","62","Health care and social assistance","2017","220","Establishments with 5 to 9 employees","44","N","N","N","N","N","N",
"8610000US90045","ZIP 90045 (Los Angeles, CA)","62","Health care and social assistance","2017","230","Establishments with 10 to 19 employees","31","N","N","N","N","N","N",
"8610000US90045","ZIP 90045 (Los Angeles, CA)","62","Health care and social assistance","2017","241","Establishments with 20 to 49 employees","19","N","N","N","N","N","N",
"8610000US90045","ZIP 90045 (Los Angeles, CA)","62","Health care and social assistance","2017","242","Establishments with 50 to 99 employees","5","N","N","N","N","N","N",
"8610000US90045","ZIP 90045 (Los Angeles, CA)","71","Arts, entertainment, and recreation","2017","001","All establishments","77","N","N","N","N","N","N",
"8610000US90045","ZIP 90045 (Los Angeles, CA)","71","Arts, entertainment, and recreation","2017","210","Establishments with less than 5 employees","62","N","N","N","N","N","N",
"8610000US90045","ZIP 90045 (Los Angeles, CA)","71","Arts, entertainment, and recreation","2017","220","Establishments with 5 to 9 employees","6","N","N","N","N","N","N",
"8610000US90045","ZIP 90045 (Los Angeles, CA)","71","Arts, entertainment, and recreation","2017","241","Establishments with 20 to 49 employees","5","N","N","N","N","N","N",
"8610000US90045","ZIP 90045 (Los Angeles, CA)","72","Accommodation and food services","2017","001","All establishments","208","N","N","N","N","N","N",
"8610000US90045","ZIP 90045 (Los Angeles, CA)","72","Accommodation and food services","2017","210","Establishments with less than 5 employees","30","N","N","N","N","N","N",
"8610000US90045","ZIP 90045 (Los Angeles, CA)","72","Accommodation and food services","2017","220","Establishments with 5 to 9 employees","30","N","N","N","N","N","N",
"8610000US90045","ZIP 90045 (Los Angeles, CA)","72","Accommodation and food services","2017","230","Establishments with 10 to 19 employees","50","N","N","N","N","N","N",
"8610000US90045","ZIP 90045 (Los Angeles, CA)","72","Accommodation and food services","2017","241","Establishments with 20 to 49 employees","50","N","N","N","N","N","N",
"8610000US90045","ZIP 90045 (Los Angeles, CA)","72","Accommodation and food services","2017","242","Establishments with 50 to 99 employees","25","N","N","N","N","N","N",
"8610000US90045","ZIP 90045 (Los Angeles, CA)","72","Accommodation and food services","2017","251","Establishments with 100 to 249 employees","10","N","N","N","N","N","N",
"8610000US90045","ZIP 90045 (Los Angeles, CA)","72","Accommodation and food services","2017","252","Establishments with 250 to 499 employees","6","N","N","N","N","N","N",
"8610000US90045","ZIP 90045 (Los Angeles, CA)","72","Accommodation and food services","2017","254","Establishments with 500 to 999 employees","7","N","N","N","N","N","N",
"8610000US90045","ZIP 90045 (Los Angeles, CA)","81","Other services (except public administration)","2017","001","All establishments","158","N","N","N","N","N","N",
"8610000US90045","ZIP 90045 (Los Angeles, CA)","81","Other services (except public administration)","2017","210","Establishments with less than 5 employees","83","N","N","N","N","N","N",
"8610000US90045","ZIP 90045 (Los Angeles, CA)","81","Other services (except public administration)","2017","220","Establishments with 5 to 9 employees","27","N","N","N","N","N","N",
"8610000US90045","ZIP 90045 (Los Angeles, CA)","81","Other services (except public administration)","2017","230","Establishments with 10 to 19 employees","25","N","N","N","N","N","N",
"8610000US90045","ZIP 90045 (Los Angeles, CA)","81","Other services (except public administration)","2017","241","Establishments with 20 to 49 employees","16","N","N","N","N","N","N",
"8610000US90045","ZIP 90045 (Los Angeles, CA)","81","Other services (except public administration)","2017","242","Establishments with 50 to 99 employees","5","N","N","N","N","N","N",
"8610000US90250","ZIP 90250 (Hawthorne, CA)","00","Total for all sectors","2017","001","All establishments","1239","1415057","G","356180","G","22342","G",
"8610000US90250","ZIP 90250 (Hawthorne, CA)","00","Total for all sectors","2017","210","Establishments with less than 5 employees","644","N","N","N","N","N","N",
"8610000US90250","ZIP 90250 (Hawthorne, CA)","00","Total for all sectors","2017","220","Establishments with 5 to 9 employees","236","N","N","N","N","N","N",
"8610000US90250","ZIP 90250 (Hawthorne, CA)","00","Total for all sectors","2017","230","Establishments with 10 to 19 employees","151","N","N","N","N","N","N",
"8610000US90250","ZIP 90250 (Hawthorne, CA)","00","Total for all sectors","2017","241","Establishments with 20 to 49 employees","128","N","N","N","N","N","N",
"8610000US90250","ZIP 90250 (Hawthorne, CA)","00","Total for all sectors","2017","242","Establishments with 50 to 99 employees","38","N","N","N","N","N","N",
"8610000US90250","ZIP 90250 (Hawthorne, CA)","00","Total for all sectors","2017","251","Establishments with 100 to 249 employees","33","N","N","N","N","N","N",
"8610000US90250","ZIP 90250 (Hawthorne, CA)","00","Total for all sectors","2017","252","Establishments with 250 to 499 employees","8","N","N","N","N","N","N",
"8610000US90250","ZIP 90250 (Hawthorne, CA)","23","Construction","2017","001","All establishments","93","N","N","N","N","N","N",
"8610000US90250","ZIP 90250 (Hawthorne, CA)","23","Construction","2017","210","Establishments with less than 5 employees","63","N","N","N","N","N","N",
"8610000US90250","ZIP 90250 (Hawthorne, CA)","23","Construction","2017","220","Establishments with 5 to 9 employees","15","N","N","N","N","N","N",
"8610000US90250","ZIP 90250 (Hawthorne, CA)","23","Construction","2017","241","Establishments with 20 to 49 employees","12","N","N","N","N","N","N",
"8610000US90250","ZIP 90250 (Hawthorne, CA)","31-33","Manufacturing","2017","001","All establishments","68","N","N","N","N","N","N",
"8610000US90250","ZIP 90250 (Hawthorne, CA)","31-33","Manufacturing","2017","210","Establishments with less than 5 employees","23","N","N","N","N","N","N",
"8610000US90250","ZIP 90250 (Hawthorne, CA)","31-33","Manufacturing","2017","220","Establishments with 5 to 9 employees","16","N","N","N","N","N","N",
"8610000US90250","ZIP 90250 (Hawthorne, CA)","31-33","Manufacturing","2017","230","Establishments with 10 to 19 employees","12","N","N","N","N","N","N",
"8610000US90250","ZIP 90250 (Hawthorne, CA)","31-33","Manufacturing","2017","241","Establishments with 20 to 49 employees","6","N","N","N","N","N","N",
"8610000US90250","ZIP 90250 (Hawthorne, CA)","31-33","Manufacturing","2017","242","Establishments with 50 to 99 employees","3","N","N","N","N","N","N",
"8610000US90250","ZIP 90250 (Hawthorne, CA)","31-33","Manufacturing","2017","251","Establishments with 100 to 249 employees","5","N","N","N","N","N","N",
"8610000US90250","ZIP 90250 (Hawthorne, CA)","42","Wholesale trade","2017","001","All establishments","75","N","N","N","N","N","N",
"8610000US90250","ZIP 90250 (Hawthorne, CA)","42","Wholesale trade","2017","210","Establishments with less than 5 employees","29","N","N","N","N","N","N",
"8610000US90250","ZIP 90250 (Hawthorne, CA)","42","Wholesale trade","2017","220","Establishments with 5 to 9 employees","15","N","N","N","N","N","N",
"8610000US90250","ZIP 90250 (Hawthorne, CA)","42","Wholesale trade","2017","230","Establishments with 10 to 19 employees","18","N","N","N","N","N","N",
"8610000US90250","ZIP 90250 (Hawthorne, CA)","42","Wholesale trade","2017","241","Establishments with 20 to 49 employees","7","N","N","N","N","N","N",
"8610000US90250","ZIP 90250 (Hawthorne, CA)","42","Wholesale trade","2017","251","Establishments with 100 to 249 employees","4","N","N","N","N","N","N",
"8610000US90250","ZIP 90250 (Hawthorne, CA)","44-45","Retail trade","2017","001","All establishments","149","N","N","N","N","N","N",
"8610000US90250","ZIP 90250 (Hawthorne, CA)","44-45","Retail trade","2017","210","Establishments with less than 5 employees","60","N","N","N","N","N","N",
"8610000US90250","ZIP 90250 (Hawthorne, CA)","44-45","Retail trade","2017","220","Establishments with 5 to 9 employees","39","N","N","N","N","N","N",
"8610000US90250","ZIP 90250 (Hawthorne, CA)","44-45","Retail trade","2017","230","Establishments with 10 to 19 employees","16","N","N","N","N","N","N",
"8610000US90250","ZIP 90250 (Hawthorne, CA)","44-45","Retail trade","2017","241","Establishments with 20 to 49 employees","14","N","N","N","N","N","N",
"8610000US90250","ZIP 90250 (Hawthorne, CA)","44-45","Retail trade","2017","242","Establishments with 50 to 99 employees","9","N","N","N","N","N","N",
"8610000US90250","ZIP 90250 (Hawthorne, CA)","44-45","Retail trade","2017","251","Establishments with 100 to 249 employees","9","N","N","N","N","N","N",
"8610000US90250","ZIP 90250 (Hawthorne, CA)","48-49","Transportation and warehousing","2017","001","All establishments","82","N","N","N","N","N","N",
"8610000US90250","ZIP 90250 (Hawthorne, CA)","48-49","Transportation and warehousing","2017","210","Establishments with less than 5 employees","40","N","N","N","N","N","N",
"8610000US90250","ZIP 90250 (Hawthorne, CA)","48-49","Transportation and warehousing","2017","220","Establishments with 5 to 9 employees","14","N","N","N","N","N","N",
"8610000US90250","ZIP 90250 (Hawthorne, CA)","48-49","Transportation and warehousing","2017","230","Establishments with 10 to 19 employees","10","N","N","N","N","N","N",
"8610000US90250","ZIP 90250 (Hawthorne, CA)","48-49","Transportation and warehousing","2017","241","Establishments with 20 to 49 employees","10","N","N","N","N","N","N",
"8610000US90250","ZIP 90250 (Hawthorne, CA)","48-49","Transportation and warehousing","2017","242","Establishments with 50 to 99 employees","4","N","N","N","N","N","N",
"8610000US90250","ZIP 90250 (Hawthorne, CA)","51","Information","2017","001","All establishments","28","N","N","N","N","N","N",
"8610000US90250","ZIP 90250 (Hawthorne, CA)","51","Information","2017","210","Establishments with less than 5 employees","14","N","N","N","N","N","N",
"8610000US90250","ZIP 90250 (Hawthorne, CA)","51","Information","2017","220","Establishments with 5 to 9 employees","9","N","N","N","N","N","N",
"8610000US90250","ZIP 90250 (Hawthorne, CA)","51","Information","2017","241","Establishments with 20 to 49 employees","3","N","N","N","N","N","N",
"8610000US90250","ZIP 90250 (Hawthorne, CA)","52","Finance and insurance","2017","001","All establishments","37","N","N","N","N","N","N",
"8610000US90250","ZIP 90250 (Hawthorne, CA)","52","Finance and insurance","2017","210","Establishments with less than 5 employees","24","N","N","N","N","N","N",
"8610000US90250","ZIP 90250 (Hawthorne, CA)","52","Finance and insurance","2017","220","Establishments with 5 to 9 employees","6","N","N","N","N","N","N",
"8610000US90250","ZIP 90250 (Hawthorne, CA)","52","Finance and insurance","2017","230","Establishments with 10 to 19 employees","4","N","N","N","N","N","N",
"8610000US90250","ZIP 90250 (Hawthorne, CA)","53","Real estate and rental and leasing","2017","001","All establishments","76","N","N","N","N","N","N",
"8610000US90250","ZIP 90250 (Hawthorne, CA)","53","Real estate and rental and leasing","2017","210","Establishments with less than 5 employees","59","N","N","N","N","N","N",
"8610000US90250","ZIP 90250 (Hawthorne, CA)","53","Real estate and rental and leasing","2017","220","Establishments with 5 to 9 employees","10","N","N","N","N","N","N",
"8610000US90250","ZIP 90250 (Hawthorne, CA)","53","Real estate and rental and leasing","2017","241","Establishments with 20 to 49 employees","4","N","N","N","N","N","N",
"8610000US90250","ZIP 90250 (Hawthorne, CA)","54","Professional, scientific, and technical services","2017","001","All establishments","72","N","N","N","N","N","N",
"8610000US90250","ZIP 90250 (Hawthorne, CA)","54","Professional, scientific, and technical services","2017","210","Establishments with less than 5 employees","56","N","N","N","N","N","N",
"8610000US90250","ZIP 90250 (Hawthorne, CA)","54","Professional, scientific, and technical services","2017","220","Establishments with 5 to 9 employees","6","N","N","N","N","N","N",
"8610000US90250","ZIP 90250 (Hawthorne, CA)","54","Professional, scientific, and technical services","2017","241","Establishments with 20 to 49 employees","6","N","N","N","N","N","N",
"8610000US90250","ZIP 90250 (Hawthorne, CA)","55","Management of companies and enterprises","2017","001","All establishments","10","N","N","N","N","N","N",
"8610000US90250","ZIP 90250 (Hawthorne, CA)","55","Management of companies and enterprises","2017","210","Establishments with less than 5 employees","3","N","N","N","N","N","N",
"8610000US90250","ZIP 90250 (Hawthorne, CA)","55","Management of companies and enterprises","2017","230","Establishments with 10 to 19 employees","4","N","N","N","N","N","N",
"8610000US90250","ZIP 90250 (Hawthorne, CA)","56","Administrative and support and waste management and remediation services","2017","001","All establishments","66","N","N","N","N","N","N",
"8610000US90250","ZIP 90250 (Hawthorne, CA)","56","Administrative and support and waste management and remediation services","2017","210","Establishments with less than 5 employees","39","N","N","N","N","N","N",
"8610000US90250","ZIP 90250 (Hawthorne, CA)","56","Administrative and support and waste management and remediation services","2017","220","Establishments with 5 to 9 employees","11","N","N","N","N","N","N",
"8610000US90250","ZIP 90250 (Hawthorne, CA)","56","Administrative and support and waste management and remediation services","2017","230","Establishments with 10 to 19 employees","5","N","N","N","N","N","N",
"8610000US90250","ZIP 90250 (Hawthorne, CA)","56","Administrative and support and waste management and remediation services","2017","241","Establishments with 20 to 49 employees","8","N","N","N","N","N","N",
"8610000US90250","ZIP 90250 (Hawthorne, CA)","61","Educational services","2017","001","All establishments","13","N","N","N","N","N","N",
"8610000US90250","ZIP 90250 (Hawthorne, CA)","61","Educational services","2017","210","Establishments with less than 5 employees","4","N","N","N","N","N","N",
"8610000US90250","ZIP 90250 (Hawthorne, CA)","61","Educational services","2017","220","Establishments with 5 to 9 employees","4","N","N","N","N","N","N",
"8610000US90250","ZIP 90250 (Hawthorne, CA)","62","Health care and social assistance","2017","001","All establishments","176","N","N","N","N","N","N",
"8610000US90250","ZIP 90250 (Hawthorne, CA)","62","Health care and social assistance","2017","210","Establishments with less than 5 employees","75","N","N","N","N","N","N",
"8610000US90250","ZIP 90250 (Hawthorne, CA)","62","Health care and social assistance","2017","220","Establishments with 5 to 9 employees","42","N","N","N","N","N","N",
"8610000US90250","ZIP 90250 (Hawthorne, CA)","62","Health care and social assistance","2017","230","Establishments with 10 to 19 employees","32","N","N","N","N","N","N",
"8610000US90250","ZIP 90250 (Hawthorne, CA)","62","Health care and social assistance","2017","241","Establishments with 20 to 49 employees","13","N","N","N","N","N","N",
"8610000US90250","ZIP 90250 (Hawthorne, CA)","62","Health care and social assistance","2017","242","Establishments with 50 to 99 employees","6","N","N","N","N","N","N",
"8610000US90250","ZIP 90250 (Hawthorne, CA)","62","Health care and social assistance","2017","251","Establishments with 100 to 249 employees","6","N","N","N","N","N","N",
"8610000US90250","ZIP 90250 (Hawthorne, CA)","71","Arts, entertainment, and recreation","2017","001","All establishments","19","N","N","N","N","N","N",
"8610000US90250","ZIP 90250 (Hawthorne, CA)","71","Arts, entertainment, and recreation","2017","210","Establishments with less than 5 employees","13","N","N","N","N","N","N",
"8610000US90250","ZIP 90250 (Hawthorne, CA)","71","Arts, entertainment, and recreation","2017","230","Establishments with 10 to 19 employees","3","N","N","N","N","N","N",
"8610000US90250","ZIP 90250 (Hawthorne, CA)","72","Accommodation and food services","2017","001","All establishments","122","N","N","N","N","N","N",
"8610000US90250","ZIP 90250 (Hawthorne, CA)","72","Accommodation and food services","2017","210","Establishments with less than 5 employees","44","N","N","N","N","N","N",
"8610000US90250","ZIP 90250 (Hawthorne, CA)","72","Accommodation and food services","2017","220","Establishments with 5 to 9 employees","18","N","N","N","N","N","N",
"8610000US90250","ZIP 90250 (Hawthorne, CA)","72","Accommodation and food services","2017","230","Establishments with 10 to 19 employees","24","N","N","N","N","N","N",
"8610000US90250","ZIP 90250 (Hawthorne, CA)","72","Accommodation and food services","2017","241","Establishments with 20 to 49 employees","33","N","N","N","N","N","N",
"8610000US90250","ZIP 90250 (Hawthorne, CA)","72","Accommodation and food services","2017","242","Establishments with 50 to 99 employees","3","N","N","N","N","N","N",
"8610000US90250","ZIP 90250 (Hawthorne, CA)","81","Other services (except public administration)","2017","001","All establishments","150","N","N","N","N","N","N",
"8610000US90250","ZIP 90250 (Hawthorne, CA)","81","Other services (except public administration)","2017","210","Establishments with less than 5 employees","97","N","N","N","N","N","N",
"8610000US90250","ZIP 90250 (Hawthorne, CA)","81","Other services (except public administration)","2017","220","Establishments with 5 to 9 employees","30","N","N","N","N","N","N",
"8610000US90250","ZIP 90250 (Hawthorne, CA)","81","Other services (except public administration)","2017","230","Establishments with 10 to 19 employees","13","N","N","N","N","N","N",
"8610000US90250","ZIP 90250 (Hawthorne, CA)","81","Other services (except public administration)","2017","241","Establishments with 20 to 49 employees","7","N","N","N","N","N","N",
"8610000US90301","ZIP 90301 (Inglewood, CA)","00","Total for all sectors","2017","001","All establishments","818","513663","G","117722","G","12550","G",
"8610000US90301","ZIP 90301 (Inglewood, CA)","00","Total for all sectors","2017","210","Establishments with less than 5 employees","413","N","N","N","N","N","N",
"8610000US90301","ZIP 90301 (Inglewood, CA)","00","Total for all sectors","2017","220","Establishments with 5 to 9 employees","170","N","N","N","N","N","N",
"8610000US90301","ZIP 90301 (Inglewood, CA)","00","Total for all sectors","2017","230","Establishments with 10 to 19 employees","93","N","N","N","N","N","N",
"8610000US90301","ZIP 90301 (Inglewood, CA)","00","Total for all sectors","2017","241","Establishments with 20 to 49 employees","96","N","N","N","N","N","N",
"8610000US90301","ZIP 90301 (Inglewood, CA)","00","Total for all sectors","2017","242","Establishments with 50 to 99 employees","27","N","N","N","N","N","N",
"8610000US90301","ZIP 90301 (Inglewood, CA)","00","Total for all sectors","2017","251","Establishments with 100 to 249 employees","16","N","N","N","N","N","N",
"8610000US90301","ZIP 90301 (Inglewood, CA)","23","Construction","2017","001","All establishments","31","N","N","N","N","N","N",
"8610000US90301","ZIP 90301 (Inglewood, CA)","23","Construction","2017","210","Establishments with less than 5 employees","21","N","N","N","N","N","N",
"8610000US90301","ZIP 90301 (Inglewood, CA)","23","Construction","2017","220","Establishments with 5 to 9 employees","4","N","N","N","N","N","N",
"8610000US90301","ZIP 90301 (Inglewood, CA)","31-33","Manufacturing","2017","001","All establishments","37","N","N","N","N","N","N",
"8610000US90301","ZIP 90301 (Inglewood, CA)","31-33","Manufacturing","2017","210","Establishments with less than 5 employees","14","N","N","N","N","N","N",
"8610000US90301","ZIP 90301 (Inglewood, CA)","31-33","Manufacturing","2017","220","Establishments with 5 to 9 employees","12","N","N","N","N","N","N",
"8610000US90301","ZIP 90301 (Inglewood, CA)","31-33","Manufacturing","2017","230","Establishments with 10 to 19 employees","3","N","N","N","N","N","N",
"8610000US90301","ZIP 90301 (Inglewood, CA)","31-33","Manufacturing","2017","241","Establishments with 20 to 49 employees","4","N","N","N","N","N","N",
"8610000US90301","ZIP 90301 (Inglewood, CA)","31-33","Manufacturing","2017","242","Establishments with 50 to 99 employees","3","N","N","N","N","N","N",
"8610000US90301","ZIP 90301 (Inglewood, CA)","42","Wholesale trade","2017","001","All establishments","46","N","N","N","N","N","N",
"8610000US90301","ZIP 90301 (Inglewood, CA)","42","Wholesale trade","2017","210","Establishments with less than 5 employees","24","N","N","N","N","N","N",
"8610000US90301","ZIP 90301 (Inglewood, CA)","42","Wholesale trade","2017","220","Establishments with 5 to 9 employees","12","N","N","N","N","N","N",
"8610000US90301","ZIP 90301 (Inglewood, CA)","42","Wholesale trade","2017","230","Establishments with 10 to 19 employees","5","N","N","N","N","N","N",
"8610000US90301","ZIP 90301 (Inglewood, CA)","42","Wholesale trade","2017","241","Establishments with 20 to 49 employees","5","N","N","N","N","N","N",
"8610000US90301","ZIP 90301 (Inglewood, CA)","44-45","Retail trade","2017","001","All establishments","96","N","N","N","N","N","N",
"8610000US90301","ZIP 90301 (Inglewood, CA)","44-45","Retail trade","2017","210","Establishments with less than 5 employees","48","N","N","N","N","N","N",
"8610000US90301","ZIP 90301 (Inglewood, CA)","44-45","Retail trade","2017","220","Establishments with 5 to 9 employees","21","N","N","N","N","N","N",
"8610000US90301","ZIP 90301 (Inglewood, CA)","44-45","Retail trade","2017","230","Establishments with 10 to 19 employees","13","N","N","N","N","N","N",
"8610000US90301","ZIP 90301 (Inglewood, CA)","44-45","Retail trade","2017","241","Establishments with 20 to 49 employees","8","N","N","N","N","N","N",
"8610000US90301","ZIP 90301 (Inglewood, CA)","44-45","Retail trade","2017","251","Establishments with 100 to 249 employees","4","N","N","N","N","N","N",
"8610000US90301","ZIP 90301 (Inglewood, CA)","48-49","Transportation and warehousing","2017","001","All establishments","117","N","N","N","N","N","N",
"8610000US90301","ZIP 90301 (Inglewood, CA)","48-49","Transportation and warehousing","2017","210","Establishments with less than 5 employees","56","N","N","N","N","N","N",
"8610000US90301","ZIP 90301 (Inglewood, CA)","48-49","Transportation and warehousing","2017","220","Establishments with 5 to 9 employees","27","N","N","N","N","N","N",
"8610000US90301","ZIP 90301 (Inglewood, CA)","48-49","Transportation and warehousing","2017","230","Establishments with 10 to 19 employees","18","N","N","N","N","N","N",
"8610000US90301","ZIP 90301 (Inglewood, CA)","48-49","Transportation and warehousing","2017","241","Establishments with 20 to 49 employees","12","N","N","N","N","N","N",
"8610000US90301","ZIP 90301 (Inglewood, CA)","51","Information","2017","001","All establishments","8","N","N","N","N","N","N",
"8610000US90301","ZIP 90301 (Inglewood, CA)","51","Information","2017","210","Establishments with less than 5 employees","6","N","N","N","N","N","N",
"8610000US90301","ZIP 90301 (Inglewood, CA)","52","Finance and insurance","2017","001","All establishments","22","N","N","N","N","N","N",
"8610000US90301","ZIP 90301 (Inglewood, CA)","52","Finance and insurance","2017","210","Establishments with less than 5 employees","11","N","N","N","N","N","N",
"8610000US90301","ZIP 90301 (Inglewood, CA)","52","Finance and insurance","2017","220","Establishments with 5 to 9 employees","8","N","N","N","N","N","N",
"8610000US90301","ZIP 90301 (Inglewood, CA)","53","Real estate and rental and leasing","2017","001","All establishments","42","N","N","N","N","N","N",
"8610000US90301","ZIP 90301 (Inglewood, CA)","53","Real estate and rental and leasing","2017","210","Establishments with less than 5 employees","22","N","N","N","N","N","N",
"8610000US90301","ZIP 90301 (Inglewood, CA)","53","Real estate and rental and leasing","2017","220","Establishments with 5 to 9 employees","9","N","N","N","N","N","N",
"8610000US90301","ZIP 90301 (Inglewood, CA)","53","Real estate and rental and leasing","2017","230","Establishments with 10 to 19 employees","4","N","N","N","N","N","N",
"8610000US90301","ZIP 90301 (Inglewood, CA)","53","Real estate and rental and leasing","2017","241","Establishments with 20 to 49 employees","4","N","N","N","N","N","N",
"8610000US90301","ZIP 90301 (Inglewood, CA)","54","Professional, scientific, and technical services","2017","001","All establishments","48","N","N","N","N","N","N",
"8610000US90301","ZIP 90301 (Inglewood, CA)","54","Professional, scientific, and technical services","2017","210","Establishments with less than 5 employees","26","N","N","N","N","N","N",
"8610000US90301","ZIP 90301 (Inglewood, CA)","54","Professional, scientific, and technical services","2017","220","Establishments with 5 to 9 employees","11","N","N","N","N","N","N",
"8610000US90301","ZIP 90301 (Inglewood, CA)","54","Professional, scientific, and technical services","2017","230","Establishments with 10 to 19 employees","5","N","N","N","N","N","N",
"8610000US90301","ZIP 90301 (Inglewood, CA)","54","Professional, scientific, and technical services","2017","241","Establishments with 20 to 49 employees","4","N","N","N","N","N","N",
"8610000US90301","ZIP 90301 (Inglewood, CA)","56","Administrative and support and waste management and remediation services","2017","001","All establishments","33","N","N","N","N","N","N",
"8610000US90301","ZIP 90301 (Inglewood, CA)","56","Administrative and support and waste management and remediation services","2017","210","Establishments with less than 5 employees","19","N","N","N","N","N","N",
"8610000US90301","ZIP 90301 (Inglewood, CA)","56","Administrative and support and waste management and remediation services","2017","220","Establishments with 5 to 9 employees","3","N","N","N","N","N","N",
"8610000US90301","ZIP 90301 (Inglewood, CA)","56","Administrative and support and waste management and remediation services","2017","230","Establishments with 10 to 19 employees","3","N","N","N","N","N","N",
"8610000US90301","ZIP 90301 (Inglewood, CA)","56","Administrative and support and waste management and remediation services","2017","241","Establishments with 20 to 49 employees","3","N","N","N","N","N","N",
"8610000US90301","ZIP 90301 (Inglewood, CA)","56","Administrative and support and waste management and remediation services","2017","242","Establishments with 50 to 99 employees","4","N","N","N","N","N","N",
"8610000US90301","ZIP 90301 (Inglewood, CA)","61","Educational services","2017","001","All establishments","12","N","N","N","N","N","N",
"8610000US90301","ZIP 90301 (Inglewood, CA)","61","Educational services","2017","241","Establishments with 20 to 49 employees","6","N","N","N","N","N","N",
"8610000US90301","ZIP 90301 (Inglewood, CA)","62","Health care and social assistance","2017","001","All establishments","155","N","N","N","N","N","N",
"8610000US90301","ZIP 90301 (Inglewood, CA)","62","Health care and social assistance","2017","210","Establishments with less than 5 employees","75","N","N","N","N","N","N",
"8610000US90301","ZIP 90301 (Inglewood, CA)","62","Health care and social assistance","2017","220","Establishments with 5 to 9 employees","36","N","N","N","N","N","N",
"8610000US90301","ZIP 90301 (Inglewood, CA)","62","Health care and social assistance","2017","230","Establishments with 10 to 19 employees","19","N","N","N","N","N","N",
"8610000US90301","ZIP 90301 (Inglewood, CA)","62","Health care and social assistance","2017","241","Establishments with 20 to 49 employees","19","N","N","N","N","N","N",
"8610000US90301","ZIP 90301 (Inglewood, CA)","71","Arts, entertainment, and recreation","2017","001","All establishments","17","N","N","N","N","N","N",
"8610000US90301","ZIP 90301 (Inglewood, CA)","71","Arts, entertainment, and recreation","2017","210","Establishments with less than 5 employees","9","N","N","N","N","N","N",
"8610000US90301","ZIP 90301 (Inglewood, CA)","71","Arts, entertainment, and recreation","2017","241","Establishments with 20 to 49 employees","5","N","N","N","N","N","N",
"8610000US90301","ZIP 90301 (Inglewood, CA)","72","Accommodation and food services","2017","001","All establishments","60","N","N","N","N","N","N",
"8610000US90301","ZIP 90301 (Inglewood, CA)","72","Accommodation and food services","2017","210","Establishments with less than 5 employees","24","N","N","N","N","N","N",
"8610000US90301","ZIP 90301 (Inglewood, CA)","72","Accommodation and food services","2017","220","Establishments with 5 to 9 employees","8","N","N","N","N","N","N",
"8610000US90301","ZIP 90301 (Inglewood, CA)","72","Accommodation and food services","2017","230","Establishments with 10 to 19 employees","6","N","N","N","N","N","N",
"8610000US90301","ZIP 90301 (Inglewood, CA)","72","Accommodation and food services","2017","241","Establishments with 20 to 49 employees","18","N","N","N","N","N","N",
"8610000US90301","ZIP 90301 (Inglewood, CA)","72","Accommodation and food services","2017","242","Establishments with 50 to 99 employees","3","N","N","N","N","N","N",
"8610000US90301","ZIP 90301 (Inglewood, CA)","81","Other services (except public administration)","2017","001","All establishments","91","N","N","N","N","N","N",
"8610000US90301","ZIP 90301 (Inglewood, CA)","81","Other services (except public administration)","2017","210","Establishments with less than 5 employees","54","N","N","N","N","N","N",
"8610000US90301","ZIP 90301 (Inglewood, CA)","81","Other services (except public administration)","2017","220","Establishments with 5 to 9 employees","16","N","N","N","N","N","N",
"8610000US90301","ZIP 90301 (Inglewood, CA)","81","Other services (except public administration)","2017","230","Establishments with 10 to 19 employees","11","N","N","N","N","N","N",
"8610000US90301","ZIP 90301 (Inglewood, CA)","81","Other services (except public administration)","2017","241","Establishments with 20 to 49 employees","4","N","N","N","N","N","N",
"8610000US90301","ZIP 90301 (Inglewood, CA)","81","Other services (except public administration)","2017","242","Establishments with 50 to 99 employees","3","N","N","N","N","N","N",
"8610000US90301","ZIP 90301 (Inglewood, CA)","81","Other services (except public administration)","2017","251","Establishments with 100 to 249 employees","3","N","N","N","N","N","N",
"8610000US90302","ZIP 90302 (Inglewood, CA)","00","Total for all sectors","2017","001","All establishments","311","231606","G","64173","G","4593","G",
"8610000US90302","ZIP 90302 (Inglewood, CA)","00","Total for all sectors","2017","210","Establishments with less than 5 employees","167","N","N","N","N","N","N",
"8610000US90302","ZIP 90302 (Inglewood, CA)","00","Total for all sectors","2017","220","Establishments with 5 to 9 employees","54","N","N","N","N","N","N",
"8610000US90302","ZIP 90302 (Inglewood, CA)","00","Total for all sectors","2017","230","Establishments with 10 to 19 employees","42","N","N","N","N","N","N",
"8610000US90302","ZIP 90302 (Inglewood, CA)","00","Total for all sectors","2017","241","Establishments with 20 to 49 employees","30","N","N","N","N","N","N",
"8610000US90302","ZIP 90302 (Inglewood, CA)","00","Total for all sectors","2017","242","Establishments with 50 to 99 employees","11","N","N","N","N","N","N",
"8610000US90302","ZIP 90302 (Inglewood, CA)","00","Total for all sectors","2017","251","Establishments with 100 to 249 employees","5","N","N","N","N","N","N",
"8610000US90302","ZIP 90302 (Inglewood, CA)","23","Construction","2017","001","All establishments","22","N","N","N","N","N","N",
"8610000US90302","ZIP 90302 (Inglewood, CA)","23","Construction","2017","210","Establishments with less than 5 employees","12","N","N","N","N","N","N",
"8610000US90302","ZIP 90302 (Inglewood, CA)","23","Construction","2017","220","Establishments with 5 to 9 employees","4","N","N","N","N","N","N",
"8610000US90302","ZIP 90302 (Inglewood, CA)","23","Construction","2017","230","Establishments with 10 to 19 employees","4","N","N","N","N","N","N",
"8610000US90302","ZIP 90302 (Inglewood, CA)","31-33","Manufacturing","2017","001","All establishments","27","N","N","N","N","N","N",
"8610000US90302","ZIP 90302 (Inglewood, CA)","31-33","Manufacturing","2017","210","Establishments with less than 5 employees","12","N","N","N","N","N","N",
"8610000US90302","ZIP 90302 (Inglewood, CA)","31-33","Manufacturing","2017","220","Establishments with 5 to 9 employees","7","N","N","N","N","N","N",
"8610000US90302","ZIP 90302 (Inglewood, CA)","31-33","Manufacturing","2017","230","Establishments with 10 to 19 employees","4","N","N","N","N","N","N",
"8610000US90302","ZIP 90302 (Inglewood, CA)","42","Wholesale trade","2017","001","All establishments","21","N","N","N","N","N","N",
"8610000US90302","ZIP 90302 (Inglewood, CA)","42","Wholesale trade","2017","210","Establishments with less than 5 employees","12","N","N","N","N","N","N",
"8610000US90302","ZIP 90302 (Inglewood, CA)","42","Wholesale trade","2017","220","Establishments with 5 to 9 employees","5","N","N","N","N","N","N",
"8610000US90302","ZIP 90302 (Inglewood, CA)","44-45","Retail trade","2017","001","All establishments","35","N","N","N","N","N","N",
"8610000US90302","ZIP 90302 (Inglewood, CA)","44-45","Retail trade","2017","210","Establishments with less than 5 employees","22","N","N","N","N","N","N",
"8610000US90302","ZIP 90302 (Inglewood, CA)","44-45","Retail trade","2017","220","Establishments with 5 to 9 employees","3","N","N","N","N","N","N",
"8610000US90302","ZIP 90302 (Inglewood, CA)","44-45","Retail trade","2017","230","Establishments with 10 to 19 employees","5","N","N","N","N","N","N",
"8610000US90302","ZIP 90302 (Inglewood, CA)","44-45","Retail trade","2017","241","Establishments with 20 to 49 employees","3","N","N","N","N","N","N",
"8610000US90302","ZIP 90302 (Inglewood, CA)","48-49","Transportation and warehousing","2017","001","All establishments","34","N","N","N","N","N","N",
"8610000US90302","ZIP 90302 (Inglewood, CA)","48-49","Transportation and warehousing","2017","210","Establishments with less than 5 employees","13","N","N","N","N","N","N",
"8610000US90302","ZIP 90302 (Inglewood, CA)","48-49","Transportation and warehousing","2017","220","Establishments with 5 to 9 employees","10","N","N","N","N","N","N",
"8610000US90302","ZIP 90302 (Inglewood, CA)","48-49","Transportation and warehousing","2017","230","Establishments with 10 to 19 employees","5","N","N","N","N","N","N",
"8610000US90302","ZIP 90302 (Inglewood, CA)","48-49","Transportation and warehousing","2017","241","Establishments with 20 to 49 employees","6","N","N","N","N","N","N",
"8610000US90302","ZIP 90302 (Inglewood, CA)","51","Information","2017","001","All establishments","6","N","N","N","N","N","N",
"8610000US90302","ZIP 90302 (Inglewood, CA)","51","Information","2017","210","Establishments with less than 5 employees","4","N","N","N","N","N","N",
"8610000US90302","ZIP 90302 (Inglewood, CA)","52","Finance and insurance","2017","001","All establishments","4","N","N","N","N","N","N",
"8610000US90302","ZIP 90302 (Inglewood, CA)","52","Finance and insurance","2017","210","Establishments with less than 5 employees","3","N","N","N","N","N","N",
"8610000US90302","ZIP 90302 (Inglewood, CA)","53","Real estate and rental and leasing","2017","001","All establishments","13","N","N","N","N","N","N",
"8610000US90302","ZIP 90302 (Inglewood, CA)","53","Real estate and rental and leasing","2017","210","Establishments with less than 5 employees","9","N","N","N","N","N","N",
"8610000US90302","ZIP 90302 (Inglewood, CA)","54","Professional, scientific, and technical services","2017","001","All establishments","24","N","N","N","N","N","N",
"8610000US90302","ZIP 90302 (Inglewood, CA)","54","Professional, scientific, and technical services","2017","210","Establishments with less than 5 employees","18","N","N","N","N","N","N",
"8610000US90302","ZIP 90302 (Inglewood, CA)","54","Professional, scientific, and technical services","2017","220","Establishments with 5 to 9 employees","3","N","N","N","N","N","N",
"8610000US90302","ZIP 90302 (Inglewood, CA)","56","Administrative and support and waste management and remediation services","2017","001","All establishments","15","N","N","N","N","N","N",
"8610000US90302","ZIP 90302 (Inglewood, CA)","56","Administrative and support and waste management and remediation services","2017","210","Establishments with less than 5 employees","9","N","N","N","N","N","N",
"8610000US90302","ZIP 90302 (Inglewood, CA)","56","Administrative and support and waste management and remediation services","2017","220","Establishments with 5 to 9 employees","3","N","N","N","N","N","N",
"8610000US90302","ZIP 90302 (Inglewood, CA)","61","Educational services","2017","001","All establishments","3","N","N","N","N","N","N",
"8610000US90302","ZIP 90302 (Inglewood, CA)","62","Health care and social assistance","2017","001","All establishments","46","N","N","N","N","N","N",
"8610000US90302","ZIP 90302 (Inglewood, CA)","62","Health care and social assistance","2017","210","Establishments with less than 5 employees","14","N","N","N","N","N","N",
"8610000US90302","ZIP 90302 (Inglewood, CA)","62","Health care and social assistance","2017","220","Establishments with 5 to 9 employees","10","N","N","N","N","N","N",
"8610000US90302","ZIP 90302 (Inglewood, CA)","62","Health care and social assistance","2017","230","Establishments with 10 to 19 employees","8","N","N","N","N","N","N",
"8610000US90302","ZIP 90302 (Inglewood, CA)","62","Health care and social assistance","2017","241","Establishments with 20 to 49 employees","4","N","N","N","N","N","N",
"8610000US90302","ZIP 90302 (Inglewood, CA)","62","Health care and social assistance","2017","242","Establishments with 50 to 99 employees","6","N","N","N","N","N","N",
"8610000US90302","ZIP 90302 (Inglewood, CA)","62","Health care and social assistance","2017","251","Establishments with 100 to 249 employees","3","N","N","N","N","N","N",
"8610000US90302","ZIP 90302 (Inglewood, CA)","71","Arts, entertainment, and recreation","2017","001","All establishments","7","N","N","N","N","N","N",
"8610000US90302","ZIP 90302 (Inglewood, CA)","71","Arts, entertainment, and recreation","2017","210","Establishments with less than 5 employees","5","N","N","N","N","N","N",
"8610000US90302","ZIP 90302 (Inglewood, CA)","72","Accommodation and food services","2017","001","All establishments","28","N","N","N","N","N","N",
"8610000US90302","ZIP 90302 (Inglewood, CA)","72","Accommodation and food services","2017","210","Establishments with less than 5 employees","11","N","N","N","N","N","N",
"8610000US90302","ZIP 90302 (Inglewood, CA)","72","Accommodation and food services","2017","220","Establishments with 5 to 9 employees","4","N","N","N","N","N","N",
"8610000US90302","ZIP 90302 (Inglewood, CA)","72","Accommodation and food services","2017","230","Establishments with 10 to 19 employees","8","N","N","N","N","N","N",
"8610000US90302","ZIP 90302 (Inglewood, CA)","72","Accommodation and food services","2017","241","Establishments with 20 to 49 employees","5","N","N","N","N","N","N",
"8610000US90302","ZIP 90302 (Inglewood, CA)","81","Other services (except public administration)","2017","001","All establishments","25","N","N","N","N","N","N",
"8610000US90302","ZIP 90302 (Inglewood, CA)","81","Other services (except public administration)","2017","210","Establishments with less than 5 employees","21","N","N","N","N","N","N",
"8610000US90303","ZIP 90303 (Inglewood, CA)","00","Total for all sectors","2017","001","All establishments","293","154821","G","37349","G","5330","G",
"8610000US90303","ZIP 90303 (Inglewood, CA)","00","Total for all sectors","2017","210","Establishments with less than 5 employees","127","N","N","N","N","N","N",
"8610000US90303","ZIP 90303 (Inglewood, CA)","00","Total for all sectors","2017","220","Establishments with 5 to 9 employees","55","N","N","N","N","N","N",
"8610000US90303","ZIP 90303 (Inglewood, CA)","00","Total for all sectors","2017","230","Establishments with 10 to 19 employees","51","N","N","N","N","N","N",
"8610000US90303","ZIP 90303 (Inglewood, CA)","00","Total for all sectors","2017","241","Establishments with 20 to 49 employees","40","N","N","N","N","N","N",
"8610000US90303","ZIP 90303 (Inglewood, CA)","00","Total for all sectors","2017","242","Establishments with 50 to 99 employees","12","N","N","N","N","N","N",
"8610000US90303","ZIP 90303 (Inglewood, CA)","00","Total for all sectors","2017","251","Establishments with 100 to 249 employees","6","N","N","N","N","N","N",
"8610000US90303","ZIP 90303 (Inglewood, CA)","23","Construction","2017","001","All establishments","10","N","N","N","N","N","N",
"8610000US90303","ZIP 90303 (Inglewood, CA)","23","Construction","2017","210","Establishments with less than 5 employees","9","N","N","N","N","N","N",
"8610000US90303","ZIP 90303 (Inglewood, CA)","42","Wholesale trade","2017","001","All establishments","9","N","N","N","N","N","N",
"8610000US90303","ZIP 90303 (Inglewood, CA)","42","Wholesale trade","2017","210","Establishments with less than 5 employees","4","N","N","N","N","N","N",
"8610000US90303","ZIP 90303 (Inglewood, CA)","42","Wholesale trade","2017","220","Establishments with 5 to 9 employees","3","N","N","N","N","N","N",
"8610000US90303","ZIP 90303 (Inglewood, CA)","44-45","Retail trade","2017","001","All establishments","68","N","N","N","N","N","N",
"8610000US90303","ZIP 90303 (Inglewood, CA)","44-45","Retail trade","2017","210","Establishments with less than 5 employees","18","N","N","N","N","N","N",
"8610000US90303","ZIP 90303 (Inglewood, CA)","44-45","Retail trade","2017","220","Establishments with 5 to 9 employees","17","N","N","N","N","N","N",
"8610000US90303","ZIP 90303 (Inglewood, CA)","44-45","Retail trade","2017","230","Establishments with 10 to 19 employees","8","N","N","N","N","N","N",
"8610000US90303","ZIP 90303 (Inglewood, CA)","44-45","Retail trade","2017","241","Establishments with 20 to 49 employees","15","N","N","N","N","N","N",
"8610000US90303","ZIP 90303 (Inglewood, CA)","44-45","Retail trade","2017","242","Establishments with 50 to 99 employees","5","N","N","N","N","N","N",
"8610000US90303","ZIP 90303 (Inglewood, CA)","44-45","Retail trade","2017","251","Establishments with 100 to 249 employees","4","N","N","N","N","N","N",
"8610000US90303","ZIP 90303 (Inglewood, CA)","48-49","Transportation and warehousing","2017","001","All establishments","24","N","N","N","N","N","N",
"8610000US90303","ZIP 90303 (Inglewood, CA)","48-49","Transportation and warehousing","2017","210","Establishments with less than 5 employees","14","N","N","N","N","N","N",
"8610000US90303","ZIP 90303 (Inglewood, CA)","48-49","Transportation and warehousing","2017","220","Establishments with 5 to 9 employees","6","N","N","N","N","N","N",
"8610000US90303","ZIP 90303 (Inglewood, CA)","51","Information","2017","001","All establishments","8","N","N","N","N","N","N",
"8610000US90303","ZIP 90303 (Inglewood, CA)","51","Information","2017","230","Establishments with 10 to 19 employees","3","N","N","N","N","N","N",
"8610000US90303","ZIP 90303 (Inglewood, CA)","52","Finance and insurance","2017","001","All establishments","15","N","N","N","N","N","N",
"8610000US90303","ZIP 90303 (Inglewood, CA)","52","Finance and insurance","2017","210","Establishments with less than 5 employees","4","N","N","N","N","N","N",
"8610000US90303","ZIP 90303 (Inglewood, CA)","52","Finance and insurance","2017","220","Establishments with 5 to 9 employees","6","N","N","N","N","N","N",
"8610000US90303","ZIP 90303 (Inglewood, CA)","52","Finance and insurance","2017","230","Establishments with 10 to 19 employees","4","N","N","N","N","N","N",
"8610000US90303","ZIP 90303 (Inglewood, CA)","53","Real estate and rental and leasing","2017","001","All establishments","10","N","N","N","N","N","N",
"8610000US90303","ZIP 90303 (Inglewood, CA)","53","Real estate and rental and leasing","2017","210","Establishments with less than 5 employees","6","N","N","N","N","N","N",
"8610000US90303","ZIP 90303 (Inglewood, CA)","54","Professional, scientific, and technical services","2017","001","All establishments","10","N","N","N","N","N","N",
"8610000US90303","ZIP 90303 (Inglewood, CA)","54","Professional, scientific, and technical services","2017","210","Establishments with less than 5 employees","7","N","N","N","N","N","N",
"8610000US90303","ZIP 90303 (Inglewood, CA)","56","Administrative and support and waste management and remediation services","2017","001","All establishments","15","N","N","N","N","N","N",
"8610000US90303","ZIP 90303 (Inglewood, CA)","56","Administrative and support and waste management and remediation services","2017","210","Establishments with less than 5 employees","7","N","N","N","N","N","N",
"8610000US90303","ZIP 90303 (Inglewood, CA)","56","Administrative and support and waste management and remediation services","2017","230","Establishments with 10 to 19 employees","3","N","N","N","N","N","N",
"8610000US90303","ZIP 90303 (Inglewood, CA)","56","Administrative and support and waste management and remediation services","2017","241","Establishments with 20 to 49 employees","3","N","N","N","N","N","N",
"8610000US90303","ZIP 90303 (Inglewood, CA)","62","Health care and social assistance","2017","001","All establishments","28","N","N","N","N","N","N",
"8610000US90303","ZIP 90303 (Inglewood, CA)","62","Health care and social assistance","2017","210","Establishments with less than 5 employees","15","N","N","N","N","N","N",
"8610000US90303","ZIP 90303 (Inglewood, CA)","62","Health care and social assistance","2017","220","Establishments with 5 to 9 employees","6","N","N","N","N","N","N",
"8610000US90303","ZIP 90303 (Inglewood, CA)","62","Health care and social assistance","2017","230","Establishments with 10 to 19 employees","5","N","N","N","N","N","N",
"8610000US90303","ZIP 90303 (Inglewood, CA)","71","Arts, entertainment, and recreation","2017","001","All establishments","4","N","N","N","N","N","N",
"8610000US90303","ZIP 90303 (Inglewood, CA)","72","Accommodation and food services","2017","001","All establishments","57","N","N","N","N","N","N",
"8610000US90303","ZIP 90303 (Inglewood, CA)","72","Accommodation and food services","2017","210","Establishments with less than 5 employees","19","N","N","N","N","N","N",
"8610000US90303","ZIP 90303 (Inglewood, CA)","72","Accommodation and food services","2017","220","Establishments with 5 to 9 employees","9","N","N","N","N","N","N",
"8610000US90303","ZIP 90303 (Inglewood, CA)","72","Accommodation and food services","2017","230","Establishments with 10 to 19 employees","15","N","N","N","N","N","N",
"8610000US90303","ZIP 90303 (Inglewood, CA)","72","Accommodation and food services","2017","241","Establishments with 20 to 49 employees","9","N","N","N","N","N","N",
"8610000US90303","ZIP 90303 (Inglewood, CA)","72","Accommodation and food services","2017","242","Establishments with 50 to 99 employees","4","N","N","N","N","N","N",
"8610000US90303","ZIP 90303 (Inglewood, CA)","81","Other services (except public administration)","2017","001","All establishments","29","N","N","N","N","N","N",
"8610000US90303","ZIP 90303 (Inglewood, CA)","81","Other services (except public administration)","2017","210","Establishments with less than 5 employees","18","N","N","N","N","N","N",
"8610000US90303","ZIP 90303 (Inglewood, CA)","81","Other services (except public administration)","2017","220","Establishments with 5 to 9 employees","3","N","N","N","N","N","N",
"8610000US90303","ZIP 90303 (Inglewood, CA)","81","Other services (except public administration)","2017","230","Establishments with 10 to 19 employees","4","N","N","N","N","N","N",
"8610000US90303","ZIP 90303 (Inglewood, CA)","81","Other services (except public administration)","2017","241","Establishments with 20 to 49 employees","4","N","N","N","N","N","N",
"8610000US90304","ZIP 90304 (Inglewood, CA)","00","Total for all sectors","2017","001","All establishments","292","84024","G","19717","G","2579","G",
"8610000US90304","ZIP 90304 (Inglewood, CA)","00","Total for all sectors","2017","210","Establishments with less than 5 employees","156","N","N","N","N","N","N",
"8610000US90304","ZIP 90304 (Inglewood, CA)","00","Total for all sectors","2017","220","Establishments with 5 to 9 employees","56","N","N","N","N","N","N",
"8610000US90304","ZIP 90304 (Inglewood, CA)","00","Total for all sectors","2017","230","Establishments with 10 to 19 employees","42","N","N","N","N","N","N",
"8610000US90304","ZIP 90304 (Inglewood, CA)","00","Total for all sectors","2017","241","Establishments with 20 to 49 employees","34","N","N","N","N","N","N",
"8610000US90304","ZIP 90304 (Inglewood, CA)","00","Total for all sectors","2017","242","Establishments with 50 to 99 employees","4","N","N","N","N","N","N",
"8610000US90304","ZIP 90304 (Inglewood, CA)","23","Construction","2017","001","All establishments","18","N","N","N","N","N","N",
"8610000US90304","ZIP 90304 (Inglewood, CA)","23","Construction","2017","210","Establishments with less than 5 employees","13","N","N","N","N","N","N",
"8610000US90304","ZIP 90304 (Inglewood, CA)","23","Construction","2017","220","Establishments with 5 to 9 employees","3","N","N","N","N","N","N",
"8610000US90304","ZIP 90304 (Inglewood, CA)","31-33","Manufacturing","2017","001","All establishments","3","N","N","N","N","N","N",
"8610000US90304","ZIP 90304 (Inglewood, CA)","42","Wholesale trade","2017","001","All establishments","11","N","N","N","N","N","N",
"8610000US90304","ZIP 90304 (Inglewood, CA)","42","Wholesale trade","2017","210","Establishments with less than 5 employees","6","N","N","N","N","N","N",
"8610000US90304","ZIP 90304 (Inglewood, CA)","42","Wholesale trade","2017","220","Establishments with 5 to 9 employees","3","N","N","N","N","N","N",
"8610000US90304","ZIP 90304 (Inglewood, CA)","44-45","Retail trade","2017","001","All establishments","52","N","N","N","N","N","N",
"8610000US90304","ZIP 90304 (Inglewood, CA)","44-45","Retail trade","2017","210","Establishments with less than 5 employees","27","N","N","N","N","N","N",
"8610000US90304","ZIP 90304 (Inglewood, CA)","44-45","Retail trade","2017","220","Establishments with 5 to 9 employees","13","N","N","N","N","N","N",
"8610000US90304","ZIP 90304 (Inglewood, CA)","44-45","Retail trade","2017","230","Establishments with 10 to 19 employees","6","N","N","N","N","N","N",
"8610000US90304","ZIP 90304 (Inglewood, CA)","44-45","Retail trade","2017","241","Establishments with 20 to 49 employees","5","N","N","N","N","N","N",
"8610000US90304","ZIP 90304 (Inglewood, CA)","48-49","Transportation and warehousing","2017","001","All establishments","54","N","N","N","N","N","N",
"8610000US90304","ZIP 90304 (Inglewood, CA)","48-49","Transportation and warehousing","2017","210","Establishments with less than 5 employees","30","N","N","N","N","N","N",
"8610000US90304","ZIP 90304 (Inglewood, CA)","48-49","Transportation and warehousing","2017","220","Establishments with 5 to 9 employees","11","N","N","N","N","N","N",
"8610000US90304","ZIP 90304 (Inglewood, CA)","48-49","Transportation and warehousing","2017","230","Establishments with 10 to 19 employees","7","N","N","N","N","N","N",
"8610000US90304","ZIP 90304 (Inglewood, CA)","48-49","Transportation and warehousing","2017","241","Establishments with 20 to 49 employees","6","N","N","N","N","N","N",
"8610000US90304","ZIP 90304 (Inglewood, CA)","51","Information","2017","001","All establishments","3","N","N","N","N","N","N",
"8610000US90304","ZIP 90304 (Inglewood, CA)","52","Finance and insurance","2017","001","All establishments","15","N","N","N","N","N","N",
"8610000US90304","ZIP 90304 (Inglewood, CA)","52","Finance and insurance","2017","210","Establishments with less than 5 employees","11","N","N","N","N","N","N",
"8610000US90304","ZIP 90304 (Inglewood, CA)","53","Real estate and rental and leasing","2017","001","All establishments","7","N","N","N","N","N","N",
"8610000US90304","ZIP 90304 (Inglewood, CA)","53","Real estate and rental and leasing","2017","210","Establishments with less than 5 employees","6","N","N","N","N","N","N",
"8610000US90304","ZIP 90304 (Inglewood, CA)","54","Professional, scientific, and technical services","2017","001","All establishments","13","N","N","N","N","N","N",
"8610000US90304","ZIP 90304 (Inglewood, CA)","54","Professional, scientific, and technical services","2017","210","Establishments with less than 5 employees","8","N","N","N","N","N","N",
"8610000US90304","ZIP 90304 (Inglewood, CA)","56","Administrative and support and waste management and remediation services","2017","001","All establishments","11","N","N","N","N","N","N",
"8610000US90304","ZIP 90304 (Inglewood, CA)","56","Administrative and support and waste management and remediation services","2017","210","Establishments with less than 5 employees","5","N","N","N","N","N","N",
"8610000US90304","ZIP 90304 (Inglewood, CA)","56","Administrative and support and waste management and remediation services","2017","220","Establishments with 5 to 9 employees","4","N","N","N","N","N","N",
"8610000US90304","ZIP 90304 (Inglewood, CA)","62","Health care and social assistance","2017","001","All establishments","25","N","N","N","N","N","N",
"8610000US90304","ZIP 90304 (Inglewood, CA)","62","Health care and social assistance","2017","210","Establishments with less than 5 employees","8","N","N","N","N","N","N",
"8610000US90304","ZIP 90304 (Inglewood, CA)","62","Health care and social assistance","2017","220","Establishments with 5 to 9 employees","4","N","N","N","N","N","N",
"8610000US90304","ZIP 90304 (Inglewood, CA)","62","Health care and social assistance","2017","230","Establishments with 10 to 19 employees","7","N","N","N","N","N","N",
"8610000US90304","ZIP 90304 (Inglewood, CA)","62","Health care and social assistance","2017","241","Establishments with 20 to 49 employees","4","N","N","N","N","N","N",
"8610000US90304","ZIP 90304 (Inglewood, CA)","72","Accommodation and food services","2017","001","All establishments","52","N","N","N","N","N","N",
"8610000US90304","ZIP 90304 (Inglewood, CA)","72","Accommodation and food services","2017","210","Establishments with less than 5 employees","20","N","N","N","N","N","N",
"8610000US90304","ZIP 90304 (Inglewood, CA)","72","Accommodation and food services","2017","220","Establishments with 5 to 9 employees","10","N","N","N","N","N","N",
"8610000US90304","ZIP 90304 (Inglewood, CA)","72","Accommodation and food services","2017","230","Establishments with 10 to 19 employees","12","N","N","N","N","N","N",
"8610000US90304","ZIP 90304 (Inglewood, CA)","72","Accommodation and food services","2017","241","Establishments with 20 to 49 employees","10","N","N","N","N","N","N",
"8610000US90304","ZIP 90304 (Inglewood, CA)","81","Other services (except public administration)","2017","001","All establishments","25","N","N","N","N","N","N",
"8610000US90304","ZIP 90304 (Inglewood, CA)","81","Other services (except public administration)","2017","210","Establishments with less than 5 employees","18","N","N","N","N","N","N",
"8610000US90304","ZIP 90304 (Inglewood, CA)","81","Other services (except public administration)","2017","220","Establishments with 5 to 9 employees","4","N","N","N","N","N","N",
"8610000US90305","ZIP 90305 (Inglewood, CA)","00","Total for all sectors","2017","001","All establishments","109","133404","J","48059","J","1839","G",
"8610000US90305","ZIP 90305 (Inglewood, CA)","00","Total for all sectors","2017","210","Establishments with less than 5 employees","57","N","N","N","N","N","N",
"8610000US90305","ZIP 90305 (Inglewood, CA)","00","Total for all sectors","2017","220","Establishments with 5 to 9 employees","23","N","N","N","N","N","N",
"8610000US90305","ZIP 90305 (Inglewood, CA)","00","Total for all sectors","2017","230","Establishments with 10 to 19 employees","14","N","N","N","N","N","N",
"8610000US90305","ZIP 90305 (Inglewood, CA)","00","Total for all sectors","2017","241","Establishments with 20 to 49 employees","10","N","N","N","N","N","N",
"8610000US90305","ZIP 90305 (Inglewood, CA)","23","Construction","2017","001","All establishments","5","N","N","N","N","N","N",
"8610000US90305","ZIP 90305 (Inglewood, CA)","23","Construction","2017","210","Establishments with less than 5 employees","4","N","N","N","N","N","N",
"8610000US90305","ZIP 90305 (Inglewood, CA)","44-45","Retail trade","2017","001","All establishments","19","N","N","N","N","N","N",
"8610000US90305","ZIP 90305 (Inglewood, CA)","44-45","Retail trade","2017","210","Establishments with less than 5 employees","14","N","N","N","N","N","N",
"8610000US90305","ZIP 90305 (Inglewood, CA)","44-45","Retail trade","2017","241","Establishments with 20 to 49 employees","3","N","N","N","N","N","N",
"8610000US90305","ZIP 90305 (Inglewood, CA)","48-49","Transportation and warehousing","2017","001","All establishments","3","N","N","N","N","N","N",
"8610000US90305","ZIP 90305 (Inglewood, CA)","52","Finance and insurance","2017","001","All establishments","4","N","N","N","N","N","N",
"8610000US90305","ZIP 90305 (Inglewood, CA)","52","Finance and insurance","2017","220","Establishments with 5 to 9 employees","3","N","N","N","N","N","N",
"8610000US90305","ZIP 90305 (Inglewood, CA)","53","Real estate and rental and leasing","2017","001","All establishments","5","N","N","N","N","N","N",
"8610000US90305","ZIP 90305 (Inglewood, CA)","53","Real estate and rental and leasing","2017","210","Establishments with less than 5 employees","4","N","N","N","N","N","N",
"8610000US90305","ZIP 90305 (Inglewood, CA)","54","Professional, scientific, and technical services","2017","001","All establishments","5","N","N","N","N","N","N",
"8610000US90305","ZIP 90305 (Inglewood, CA)","54","Professional, scientific, and technical services","2017","210","Establishments with less than 5 employees","3","N","N","N","N","N","N",
"8610000US90305","ZIP 90305 (Inglewood, CA)","56","Administrative and support and waste management and remediation services","2017","001","All establishments","4","N","N","N","N","N","N",
"8610000US90305","ZIP 90305 (Inglewood, CA)","56","Administrative and support and waste management and remediation services","2017","210","Establishments with less than 5 employees","4","N","N","N","N","N","N",
"8610000US90305","ZIP 90305 (Inglewood, CA)","61","Educational services","2017","001","All establishments","4","N","N","N","N","N","N",
"8610000US90305","ZIP 90305 (Inglewood, CA)","62","Health care and social assistance","2017","001","All establishments","30","N","N","N","N","N","N",
"8610000US90305","ZIP 90305 (Inglewood, CA)","62","Health care and social assistance","2017","210","Establishments with less than 5 employees","10","N","N","N","N","N","N",
"8610000US90305","ZIP 90305 (Inglewood, CA)","62","Health care and social assistance","2017","220","Establishments with 5 to 9 employees","10","N","N","N","N","N","N",
"8610000US90305","ZIP 90305 (Inglewood, CA)","62","Health care and social assistance","2017","230","Establishments with 10 to 19 employees","6","N","N","N","N","N","N",
"8610000US90305","ZIP 90305 (Inglewood, CA)","62","Health care and social assistance","2017","241","Establishments with 20 to 49 employees","4","N","N","N","N","N","N",
"8610000US90305","ZIP 90305 (Inglewood, CA)","71","Arts, entertainment, and recreation","2017","001","All establishments","3","N","N","N","N","N","N",
"8610000US90305","ZIP 90305 (Inglewood, CA)","72","Accommodation and food services","2017","001","All establishments","8","N","N","N","N","N","N",
"8610000US90305","ZIP 90305 (Inglewood, CA)","72","Accommodation and food services","2017","230","Establishments with 10 to 19 employees","3","N","N","N","N","N","N",
"8610000US90305","ZIP 90305 (Inglewood, CA)","81","Other services (except public administration)","2017","001","All establishments","14","N","N","N","N","N","N",
"8610000US90305","ZIP 90305 (Inglewood, CA)","81","Other services (except public administration)","2017","210","Establishments with less than 5 employees","7","N","N","N","N","N","N",
"8610000US90305","ZIP 90305 (Inglewood, CA)","81","Other services (except public administration)","2017","220","Establishments with 5 to 9 employees","3","N","N","N","N","N","N",
